pickup_community_area,hour,demand,assigned_taxis,served_trips,unmet_trips
1,0,1.807,1,1.807,0.0
1,1,1.778,1,1.778,0.0
1,2,1.924,1,1.924,0.0
1,3,2.252,2,2.252,0.0
1,4,2.024,2,2.024,0.0
1,5,2.426,2,2.426,0.0
1,6,5.925,3,5.925,0.0
1,7,6.033,4,6.033,0.0
1,8,6.483,4,6.483,0.0
1,9,7.029,4,7.029,0.0
1,10,7.492,4,7.492,0.0
1,11,7.049,4,7.049,0.0
1,12,6.513,4,6.513,0.0
1,13,7.022,4,7.022,0.0
1,14,6.984,4,6.984,0.0
1,15,6.015,4,6.015,0.0
1,16,5.078,3,5.078,0.0
1,17,4.107,3,4.107,0.0
1,18,3.808,2,3.808,0.0
1,19,3.121,2,3.121,0.0
1,20,2.936,2,2.936,0.0
1,21,2.819,2,2.819,0.0
1,22,2.426,2,2.426,0.0
1,23,2.193,2,2.193,0.0
2,0,1.842,1,1.842,0.0
2,1,1.684,1,1.684,0.0
2,2,1.46,1,1.46,0.0
2,3,1.406,1,1.406,0.0
2,4,2.11,2,2.11,0.0
2,5,2.781,2,2.781,0.0
2,6,4.707,3,4.707,0.0
2,7,6.59,4,6.59,0.0
2,8,7.868,4,7.868,0.0
2,9,8.411,5,8.411,0.0
2,10,8.192,5,8.192,0.0
2,11,9.554,5,9.554,0.0
2,12,9.673,5,9.673,0.0
2,13,10.612,6,10.612,0.0
2,14,10.282,6,10.282,0.0
2,15,9.104,5,9.104,0.0
2,16,7.921,4,7.921,0.0
2,17,7.318,4,7.318,0.0
2,18,5.432,3,5.432,0.0
2,19,4.794,3,4.794,0.0
2,20,5.152,3,5.152,0.0
2,21,3.798,2,3.798,0.0
2,22,2.847,2,2.847,0.0
2,23,2.186,2,2.186,0.0
3,0,3.619,2,3.619,0.0
3,1,2.469,2,2.469,0.0
3,2,2.011,2,2.011,0.0
3,3,1.718,1,1.718,0.0
3,4,2.162,2,2.162,0.0
3,5,5.14,3,5.14,0.0
3,6,8.936,5,8.936,0.0
3,7,16.656,9,16.656,0.0
3,8,22.375,12,22.375,0.0
3,9,24.324,13,24.324,0.0
3,10,22.548,12,22.548,0.0
3,11,22.232,12,22.232,0.0
3,12,21.068,11,21.068,0.0
3,13,19.062,10,19.062,0.0
3,14,20.289,11,20.289,0.0
3,15,17.207,9,17.207,0.0
3,16,15.007,8,15.007,0.0
3,17,14.951,8,14.951,0.0
3,18,13.362,7,13.362,0.0
3,19,10.51,6,10.51,0.0
3,20,7.293,4,7.293,0.0
3,21,6.746,4,6.746,0.0
3,22,6.419,4,6.419,0.0
3,23,5.099,3,5.099,0.0
4,0,1.513,1,1.513,0.0
4,1,1.385,1,1.385,0.0
4,2,1.314,1,1.314,0.0
4,3,1.204,1,1.204,0.0
4,4,1.438,1,1.438,0.0
4,5,1.668,1,1.668,0.0
4,6,2.541,2,2.541,0.0
4,7,3.133,2,3.133,0.0
4,8,3.723,2,3.723,0.0
4,9,3.923,2,3.923,0.0
4,10,4.64,3,4.64,0.0
4,11,5.102,3,5.102,0.0
4,12,5.21,3,5.21,0.0
4,13,5.279,3,5.279,0.0
4,14,5.506,3,5.506,0.0
4,15,5.159,3,5.159,0.0
4,16,4.388,3,4.388,0.0
4,17,3.414,2,3.414,0.0
4,18,3.051,2,3.051,0.0
4,19,2.508,2,2.508,0.0
4,20,2.526,2,2.526,0.0
4,21,2.087,2,2.087,0.0
4,22,1.928,1,1.928,0.0
4,23,1.681,1,1.681,0.0
5,0,1.635,1,1.635,0.0
5,1,1.419,1,1.419,0.0
5,2,1.252,1,1.252,0.0
5,3,1.2,1,1.2,0.0
5,4,1.234,1,1.234,0.0
5,5,1.91,1,1.91,0.0
5,6,2.163,2,2.163,0.0
5,7,2.89,2,2.89,0.0
5,8,3.344,2,3.344,0.0
5,9,2.952,2,2.952,0.0
5,10,3.066,2,3.066,0.0
5,11,3.229,2,3.229,0.0
5,12,3.427,2,3.427,0.0
5,13,3.204,2,3.204,0.0
5,14,3.151,2,3.151,0.0
5,15,2.966,2,2.966,0.0
5,16,2.87,2,2.87,0.0
5,17,2.726,2,2.726,0.0
5,18,2.889,2,2.889,0.0
5,19,2.364,2,2.364,0.0
5,20,1.94,1,1.94,0.0
5,21,1.844,1,1.844,0.0
5,22,2.013,2,2.013,0.0
5,23,1.819,1,1.819,0.0
6,0,9.444,5,9.444,0.0
6,1,7.994,4,7.994,0.0
6,2,7.179,4,7.179,0.0
6,3,5.912,3,5.912,0.0
6,4,6.366,4,6.366,0.0
6,5,10.894,6,10.894,0.0
6,6,23.062,12,23.062,0.0
6,7,36.689,19,36.689,0.0
6,8,42.305,22,42.305,0.0
6,9,39.534,20,39.534,0.0
6,10,35.684,18,35.684,0.0
6,11,34.718,18,34.718,0.0
6,12,35.221,18,35.221,0.0
6,13,33.038,17,33.038,0.0
6,14,32.503,17,32.503,0.0
6,15,32.707,17,32.707,0.0
6,16,34.154,18,34.154,0.0
6,17,34.793,18,34.793,0.0
6,18,33.6,17,33.6,0.0
6,19,23.484,12,23.484,0.0
6,20,17.196,9,17.196,0.0
6,21,17.148,9,17.148,0.0
6,22,16.082,9,16.082,0.0
6,23,12.565,7,12.565,0.0
7,0,6.066,4,6.066,0.0
7,1,4.767,3,4.767,0.0
7,2,3.821,2,3.821,0.0
7,3,2.582,2,2.582,0.0
7,4,2.965,2,2.965,0.0
7,5,6.484,4,6.484,0.0
7,6,13.562,7,13.562,0.0
7,7,20.696,11,20.696,0.0
7,8,22.069,12,22.069,0.0
7,9,22.519,12,22.519,0.0
7,10,20.803,11,20.803,0.0
7,11,21.618,11,21.618,0.0
7,12,22.823,12,22.823,0.0
7,13,21.744,11,21.744,0.0
7,14,20.903,11,20.903,0.0
7,15,21.139,11,21.139,0.0
7,16,23.775,12,23.775,0.0
7,17,26.208,14,26.208,0.0
7,18,25.773,13,25.773,0.0
7,19,18.755,10,18.755,0.0
7,20,13.244,7,13.244,0.0
7,21,14.031,8,14.031,0.0
7,22,12.059,7,12.059,0.0
7,23,8.236,5,8.236,0.0
8,0,51.962,26,51.962,0.0
8,1,35.843,18,35.843,0.0
8,2,27.361,14,27.361,0.0
8,3,23.505,12,23.505,0.0
8,4,24.461,13,24.461,0.0
8,5,33.828,17,33.828,0.0
8,6,66.466,34,66.466,0.0
8,7,124.59,63,124.59,0.0
8,8,182.711,92,182.711,0.0
8,9,197.837,99,197.837,0.0
8,10,213.804,107,213.804,0.0
8,11,239.852,120,239.852,0.0
8,12,251.795,126,251.795,0.0
8,13,249.413,125,249.413,0.0
8,14,255.229,128,255.229,0.0
8,15,272.856,137,272.856,0.0
8,16,289.377,145,289.377,0.0
8,17,290.446,146,290.446,0.0
8,18,271.636,136,271.636,0.0
8,19,213.702,107,213.702,0.0
8,20,156.197,79,156.197,0.0
8,21,131.846,66,131.846,0.0
8,22,106.547,54,106.547,0.0
8,23,76.786,39,76.786,0.0
9,0,1.057,1,1.057,0.0
9,1,1.0,1,1.0,0.0
9,2,1.077,1,1.077,0.0
9,3,1.061,1,1.061,0.0
9,4,1.0,1,1.0,0.0
9,5,1.058,1,1.058,0.0
9,6,1.116,1,1.116,0.0
9,7,1.087,1,1.087,0.0
9,8,1.196,1,1.196,0.0
9,9,1.159,1,1.159,0.0
9,10,1.182,1,1.182,0.0
9,11,1.144,1,1.144,0.0
9,12,1.189,1,1.189,0.0
9,13,1.201,1,1.201,0.0
9,14,1.182,1,1.182,0.0
9,15,1.134,1,1.134,0.0
9,16,1.188,1,1.188,0.0
9,17,1.183,1,1.183,0.0
9,18,1.19,1,1.19,0.0
9,19,1.204,1,1.204,0.0
9,20,1.176,1,1.176,0.0
9,21,1.094,1,1.094,0.0
9,22,1.229,1,1.229,0.0
9,23,1.073,1,1.073,0.0
10,0,1.605,1,1.605,0.0
10,1,1.52,1,1.52,0.0
10,2,1.222,1,1.222,0.0
10,3,1.292,1,1.292,0.0
10,4,1.428,1,1.428,0.0
10,5,2.352,2,2.352,0.0
10,6,2.395,2,2.395,0.0
10,7,2.539,2,2.539,0.0
10,8,2.162,2,2.162,0.0
10,9,2.509,2,2.509,0.0
10,10,2.966,2,2.966,0.0
10,11,2.686,2,2.686,0.0
10,12,2.918,2,2.918,0.0
10,13,2.817,2,2.817,0.0
10,14,2.614,2,2.614,0.0
10,15,2.685,2,2.685,0.0
10,16,2.658,2,2.658,0.0
10,17,2.408,2,2.408,0.0
10,18,2.305,2,2.305,0.0
10,19,2.192,2,2.192,0.0
10,20,2.119,2,2.119,0.0
10,21,2.04,2,2.04,0.0
10,22,2.074,2,2.074,0.0
10,23,1.754,1,1.754,0.0
11,0,1.306,1,1.306,0.0
11,1,1.311,1,1.311,0.0
11,2,1.272,1,1.272,0.0
11,3,1.176,1,1.176,0.0
11,4,1.204,1,1.204,0.0
11,5,1.299,1,1.299,0.0
11,6,1.55,1,1.55,0.0
11,7,1.797,1,1.797,0.0
11,8,1.711,1,1.711,0.0
11,9,1.849,1,1.849,0.0
11,10,2.018,2,2.018,0.0
11,11,1.895,1,1.895,0.0
11,12,2.072,2,2.072,0.0
11,13,2.106,2,2.106,0.0
11,14,2.032,2,2.032,0.0
11,15,1.915,1,1.915,0.0
11,16,1.671,1,1.671,0.0
11,17,1.703,1,1.703,0.0
11,18,1.548,1,1.548,0.0
11,19,1.604,1,1.604,0.0
11,20,1.448,1,1.448,0.0
11,21,1.459,1,1.459,0.0
11,22,1.515,1,1.515,0.0
11,23,1.448,1,1.448,0.0
12,0,1.199,1,1.199,0.0
12,1,1.191,1,1.191,0.0
12,2,1.106,1,1.106,0.0
12,3,1.1,1,1.1,0.0
12,4,1.125,1,1.125,0.0
12,5,1.29,1,1.29,0.0
12,6,1.919,1,1.919,0.0
12,7,2.145,2,2.145,0.0
12,8,1.832,1,1.832,0.0
12,9,2.072,2,2.072,0.0
12,10,2.193,2,2.193,0.0
12,11,2.098,2,2.098,0.0
12,12,2.103,2,2.103,0.0
12,13,2.106,2,2.106,0.0
12,14,2.438,2,2.438,0.0
12,15,2.028,2,2.028,0.0
12,16,1.857,1,1.857,0.0
12,17,1.645,1,1.645,0.0
12,18,1.619,1,1.619,0.0
12,19,1.627,1,1.627,0.0
12,20,1.566,1,1.566,0.0
12,21,1.518,1,1.518,0.0
12,22,1.677,1,1.677,0.0
12,23,1.33,1,1.33,0.0
13,0,1.105,1,1.105,0.0
13,1,1.094,1,1.094,0.0
13,2,1.039,1,1.039,0.0
13,3,1.128,1,1.128,0.0
13,4,1.13,1,1.13,0.0
13,5,1.229,1,1.229,0.0
13,6,1.4,1,1.4,0.0
13,7,1.784,1,1.784,0.0
13,8,1.85,1,1.85,0.0
13,9,1.835,1,1.835,0.0
13,10,2.418,2,2.418,0.0
13,11,2.572,2,2.572,0.0
13,12,2.633,2,2.633,0.0
13,13,2.527,2,2.527,0.0
13,14,2.785,2,2.785,0.0
13,15,2.541,2,2.541,0.0
13,16,2.317,2,2.317,0.0
13,17,1.794,1,1.794,0.0
13,18,1.514,1,1.514,0.0
13,19,1.466,1,1.466,0.0
13,20,1.407,1,1.407,0.0
13,21,1.37,1,1.37,0.0
13,22,1.304,1,1.304,0.0
13,23,1.251,1,1.251,0.0
14,0,1.286,1,1.286,0.0
14,1,1.176,1,1.176,0.0
14,2,1.152,1,1.152,0.0
14,3,1.177,1,1.177,0.0
14,4,1.226,1,1.226,0.0
14,5,1.311,1,1.311,0.0
14,6,1.832,1,1.832,0.0
14,7,2.241,2,2.241,0.0
14,8,2.171,2,2.171,0.0
14,9,2.482,2,2.482,0.0
14,10,2.732,2,2.732,0.0
14,11,2.64,2,2.64,0.0
14,12,2.635,2,2.635,0.0
14,13,2.474,2,2.474,0.0
14,14,2.686,2,2.686,0.0
14,15,2.406,2,2.406,0.0
14,16,1.982,1,1.982,0.0
14,17,2.002,2,2.002,0.0
14,18,1.842,1,1.842,0.0
14,19,1.791,1,1.791,0.0
14,20,1.656,1,1.656,0.0
14,21,1.539,1,1.539,0.0
14,22,1.602,1,1.602,0.0
14,23,1.478,1,1.478,0.0
15,0,1.223,1,1.223,0.0
15,1,1.193,1,1.193,0.0
15,2,1.177,1,1.177,0.0
15,3,1.173,1,1.173,0.0
15,4,1.162,1,1.162,0.0
15,5,1.429,1,1.429,0.0
15,6,1.386,1,1.386,0.0
15,7,1.445,1,1.445,0.0
15,8,1.665,1,1.665,0.0
15,9,2.48,2,2.48,0.0
15,10,2.59,2,2.59,0.0
15,11,3.135,2,3.135,0.0
15,12,3.153,2,3.153,0.0
15,13,2.873,2,2.873,0.0
15,14,3.451,2,3.451,0.0
15,15,2.441,2,2.441,0.0
15,16,2.436,2,2.436,0.0
15,17,1.998,1,1.998,0.0
15,18,1.759,1,1.759,0.0
15,19,1.841,1,1.841,0.0
15,20,1.38,1,1.38,0.0
15,21,1.478,1,1.478,0.0
15,22,1.305,1,1.305,0.0
15,23,1.273,1,1.273,0.0
16,0,1.526,1,1.526,0.0
16,1,1.491,1,1.491,0.0
16,2,1.329,1,1.329,0.0
16,3,1.467,1,1.467,0.0
16,4,1.534,1,1.534,0.0
16,5,1.945,1,1.945,0.0
16,6,2.796,2,2.796,0.0
16,7,2.417,2,2.417,0.0
16,8,2.866,2,2.866,0.0
16,9,3.978,2,3.978,0.0
16,10,5.615,3,5.615,0.0
16,11,6.744,4,6.744,0.0
16,12,7.269,4,7.269,0.0
16,13,7.261,4,7.261,0.0
16,14,7.14,4,7.14,0.0
16,15,5.669,3,5.669,0.0
16,16,5.168,3,5.168,0.0
16,17,4.019,3,4.019,0.0
16,18,3.285,2,3.285,0.0
16,19,3.051,2,3.051,0.0
16,20,2.425,2,2.425,0.0
16,21,2.175,2,2.175,0.0
16,22,2.069,2,2.069,0.0
16,23,1.699,1,1.699,0.0
17,0,1.122,1,1.122,0.0
17,1,1.083,1,1.083,0.0
17,2,1.097,1,1.097,0.0
17,3,1.118,1,1.118,0.0
17,4,1.024,1,1.024,0.0
17,5,1.284,1,1.284,0.0
17,6,1.242,1,1.242,0.0
17,7,1.41,1,1.41,0.0
17,8,1.314,1,1.314,0.0
17,9,1.462,1,1.462,0.0
17,10,1.253,1,1.253,0.0
17,11,1.276,1,1.276,0.0
17,12,1.369,1,1.369,0.0
17,13,1.307,1,1.307,0.0
17,14,1.342,1,1.342,0.0
17,15,1.306,1,1.306,0.0
17,16,1.289,1,1.289,0.0
17,17,1.204,1,1.204,0.0
17,18,1.14,1,1.14,0.0
17,19,1.17,1,1.17,0.0
17,20,1.156,1,1.156,0.0
17,21,1.156,1,1.156,0.0
17,22,1.215,1,1.215,0.0
17,23,1.171,1,1.171,0.0
18,0,1.0,1,1.0,0.0
18,1,1.0,1,1.0,0.0
18,2,1.0,1,1.0,0.0
18,3,1.0,1,1.0,0.0
18,4,1.0,1,1.0,0.0
18,5,1.062,1,1.062,0.0
18,6,1.049,1,1.049,0.0
18,7,1.118,1,1.118,0.0
18,8,1.113,1,1.113,0.0
18,9,1.114,1,1.114,0.0
18,10,1.084,1,1.084,0.0
18,11,1.069,1,1.069,0.0
18,12,1.09,1,1.09,0.0
18,13,1.117,1,1.117,0.0
18,14,1.091,1,1.091,0.0
18,15,1.213,1,1.213,0.0
18,16,1.097,1,1.097,0.0
18,17,1.074,1,1.074,0.0
18,18,1.081,1,1.081,0.0
18,19,1.118,1,1.118,0.0
18,20,1.071,1,1.071,0.0
18,21,1.0,1,1.0,0.0
18,22,1.111,1,1.111,0.0
18,23,1.095,1,1.095,0.0
19,0,1.177,1,1.177,0.0
19,1,1.138,1,1.138,0.0
19,2,1.078,1,1.078,0.0
19,3,1.14,1,1.14,0.0
19,4,1.032,1,1.032,0.0
19,5,1.153,1,1.153,0.0
19,6,1.325,1,1.325,0.0
19,7,1.532,1,1.532,0.0
19,8,1.423,1,1.423,0.0
19,9,1.518,1,1.518,0.0
19,10,1.498,1,1.498,0.0
19,11,1.444,1,1.444,0.0
19,12,1.544,1,1.544,0.0
19,13,1.734,1,1.734,0.0
19,14,1.753,1,1.753,0.0
19,15,1.568,1,1.568,0.0
19,16,1.532,1,1.532,0.0
19,17,1.542,1,1.542,0.0
19,18,1.433,1,1.433,0.0
19,19,1.298,1,1.298,0.0
19,20,1.184,1,1.184,0.0
19,21,1.175,1,1.175,0.0
19,22,1.177,1,1.177,0.0
19,23,1.176,1,1.176,0.0
20,0,1.048,1,1.048,0.0
20,1,1.062,1,1.062,0.0
20,2,1.0,1,1.0,0.0
20,3,1.062,1,1.062,0.0
20,4,1.0,1,1.0,0.0
20,5,1.057,1,1.057,0.0
20,6,1.067,1,1.067,0.0
20,7,1.086,1,1.086,0.0
20,8,1.038,1,1.038,0.0
20,9,1.097,1,1.097,0.0
20,10,1.09,1,1.09,0.0
20,11,1.115,1,1.115,0.0
20,12,1.143,1,1.143,0.0
20,13,1.172,1,1.172,0.0
20,14,1.112,1,1.112,0.0
20,15,1.027,1,1.027,0.0
20,16,1.149,1,1.149,0.0
20,17,1.146,1,1.146,0.0
20,18,1.163,1,1.163,0.0
20,19,1.16,1,1.16,0.0
20,20,1.043,1,1.043,0.0
20,21,1.143,1,1.143,0.0
20,22,1.027,1,1.027,0.0
20,23,1.148,1,1.148,0.0
21,0,1.439,1,1.439,0.0
21,1,1.582,1,1.582,0.0
21,2,1.288,1,1.288,0.0
21,3,1.239,1,1.239,0.0
21,4,1.315,1,1.315,0.0
21,5,1.367,1,1.367,0.0
21,6,1.608,1,1.608,0.0
21,7,1.672,1,1.672,0.0
21,8,1.897,1,1.897,0.0
21,9,1.98,1,1.98,0.0
21,10,2.299,2,2.299,0.0
21,11,2.785,2,2.785,0.0
21,12,3.123,2,3.123,0.0
21,13,2.822,2,2.822,0.0
21,14,2.63,2,2.63,0.0
21,15,2.514,2,2.514,0.0
21,16,2.154,2,2.154,0.0
21,17,1.935,1,1.935,0.0
21,18,2.012,2,2.012,0.0
21,19,2.191,2,2.191,0.0
21,20,1.738,1,1.738,0.0
21,21,1.671,1,1.671,0.0
21,22,1.922,1,1.922,0.0
21,23,1.584,1,1.584,0.0
22,0,2.858,2,2.858,0.0
22,1,2.333,2,2.333,0.0
22,2,2.23,2,2.23,0.0
22,3,1.631,1,1.631,0.0
22,4,1.694,1,1.694,0.0
22,5,2.108,2,2.108,0.0
22,6,2.245,2,2.245,0.0
22,7,3.123,2,3.123,0.0
22,8,3.679,2,3.679,0.0
22,9,3.779,2,3.779,0.0
22,10,3.985,2,3.985,0.0
22,11,4.79,3,4.79,0.0
22,12,4.767,3,4.767,0.0
22,13,4.751,3,4.751,0.0
22,14,4.545,3,4.545,0.0
22,15,4.572,3,4.572,0.0
22,16,4.722,3,4.722,0.0
22,17,4.716,3,4.716,0.0
22,18,4.83,3,4.83,0.0
22,19,4.112,3,4.112,0.0
22,20,3.675,2,3.675,0.0
22,21,3.582,2,3.582,0.0
22,22,3.803,2,3.803,0.0
22,23,3.851,2,3.851,0.0
23,0,1.218,1,1.218,0.0
23,1,1.178,1,1.178,0.0
23,2,1.069,1,1.069,0.0
23,3,1.085,1,1.085,0.0
23,4,1.159,1,1.159,0.0
23,5,1.148,1,1.148,0.0
23,6,1.159,1,1.159,0.0
23,7,1.577,1,1.577,0.0
23,8,1.444,1,1.444,0.0
23,9,1.552,1,1.552,0.0
23,10,1.553,1,1.553,0.0
23,11,1.545,1,1.545,0.0
23,12,1.584,1,1.584,0.0
23,13,1.679,1,1.679,0.0
23,14,1.564,1,1.564,0.0
23,15,1.691,1,1.691,0.0
23,16,1.564,1,1.564,0.0
23,17,1.48,1,1.48,0.0
23,18,1.328,1,1.328,0.0
23,19,1.307,1,1.307,0.0
23,20,1.179,1,1.179,0.0
23,21,1.201,1,1.201,0.0
23,22,1.231,1,1.231,0.0
23,23,1.2,1,1.2,0.0
24,0,6.091,4,6.091,0.0
24,1,4.357,3,4.357,0.0
24,2,3.536,2,3.536,0.0
24,3,2.175,2,2.175,0.0
24,4,2.256,2,2.256,0.0
24,5,3.562,2,3.562,0.0
24,6,3.87,2,3.87,0.0
24,7,5.971,3,5.971,0.0
24,8,10.118,6,10.118,0.0
24,9,7.408,4,7.408,0.0
24,10,7.173,4,7.173,0.0
24,11,8.256,5,8.256,0.0
24,12,9.026,5,9.026,0.0
24,13,8.985,5,8.985,0.0
24,14,9.837,5,9.837,0.0
24,15,9.682,5,9.682,0.0
24,16,10.196,6,10.196,0.0
24,17,11.289,6,11.289,0.0
24,18,11.046,6,11.046,0.0
24,19,9.094,5,9.094,0.0
24,20,7.934,4,7.934,0.0
24,21,8.522,5,8.522,0.0
24,22,9.516,5,9.516,0.0
24,23,8.9,5,8.9,0.0
25,0,1.359,1,1.359,0.0
25,1,1.2,1,1.2,0.0
25,2,1.165,1,1.165,0.0
25,3,1.162,1,1.162,0.0
25,4,1.203,1,1.203,0.0
25,5,1.295,1,1.295,0.0
25,6,1.447,1,1.447,0.0
25,7,2.114,2,2.114,0.0
25,8,2.157,2,2.157,0.0
25,9,2.17,2,2.17,0.0
25,10,2.919,2,2.919,0.0
25,11,3.707,2,3.707,0.0
25,12,3.118,2,3.118,0.0
25,13,3.24,2,3.24,0.0
25,14,2.98,2,2.98,0.0
25,15,2.943,2,2.943,0.0
25,16,2.288,2,2.288,0.0
25,17,2.331,2,2.331,0.0
25,18,2.203,2,2.203,0.0
25,19,1.914,1,1.914,0.0
25,20,1.818,1,1.818,0.0
25,21,1.791,1,1.791,0.0
25,22,1.644,1,1.644,0.0
25,23,1.478,1,1.478,0.0
26,0,1.066,1,1.066,0.0
26,1,1.065,1,1.065,0.0
26,2,1.088,1,1.088,0.0
26,3,1.055,1,1.055,0.0
26,4,1.111,1,1.111,0.0
26,5,1.046,1,1.046,0.0
26,6,1.064,1,1.064,0.0
26,7,1.051,1,1.051,0.0
26,8,1.09,1,1.09,0.0
26,9,1.293,1,1.293,0.0
26,10,1.312,1,1.312,0.0
26,11,1.286,1,1.286,0.0
26,12,1.344,1,1.344,0.0
26,13,1.573,1,1.573,0.0
26,14,1.381,1,1.381,0.0
26,15,1.395,1,1.395,0.0
26,16,1.31,1,1.31,0.0
26,17,1.227,1,1.227,0.0
26,18,1.147,1,1.147,0.0
26,19,1.155,1,1.155,0.0
26,20,1.232,1,1.232,0.0
26,21,1.13,1,1.13,0.0
26,22,1.105,1,1.105,0.0
26,23,1.132,1,1.132,0.0
27,0,1.104,1,1.104,0.0
27,1,1.116,1,1.116,0.0
27,2,1.04,1,1.04,0.0
27,3,1.136,1,1.136,0.0
27,4,1.096,1,1.096,0.0
27,5,1.08,1,1.08,0.0
27,6,1.164,1,1.164,0.0
27,7,1.217,1,1.217,0.0
27,8,1.567,1,1.567,0.0
27,9,1.761,1,1.761,0.0
27,10,1.853,1,1.853,0.0
27,11,1.841,1,1.841,0.0
27,12,1.848,1,1.848,0.0
27,13,2.039,2,2.039,0.0
27,14,1.741,1,1.741,0.0
27,15,1.83,1,1.83,0.0
27,16,1.593,1,1.593,0.0
27,17,1.529,1,1.529,0.0
27,18,1.377,1,1.377,0.0
27,19,1.418,1,1.418,0.0
27,20,1.281,1,1.281,0.0
27,21,1.276,1,1.276,0.0
27,22,1.304,1,1.304,0.0
27,23,1.163,1,1.163,0.0
28,0,19.92,10,19.92,0.0
28,1,12.313,7,12.313,0.0
28,2,8.262,5,8.262,0.0
28,3,3.821,2,3.821,0.0
28,4,3.802,2,3.802,0.0
28,5,9.529,5,9.529,0.0
28,6,36.229,19,36.229,0.0
28,7,109.881,55,109.881,0.0
28,8,182.506,92,182.506,0.0
28,9,174.819,88,174.819,0.0
28,10,120.795,61,120.795,0.0
28,11,103.899,52,103.899,0.0
28,12,107.729,54,107.729,0.0
28,13,94.397,48,94.397,0.0
28,14,91.382,46,91.382,0.0
28,15,93.08,47,93.08,0.0
28,16,103.322,52,103.322,0.0
28,17,105.881,53,105.881,0.0
28,18,88.649,45,88.649,0.0
28,19,63.132,32,63.132,0.0
28,20,49.503,25,49.503,0.0
28,21,45.784,23,45.784,0.0
28,22,42.903,22,42.903,0.0
28,23,32.803,17,32.803,0.0
29,0,1.121,1,1.121,0.0
29,1,1.087,1,1.087,0.0
29,2,1.529,1,1.529,0.0
29,3,1.033,1,1.033,0.0
29,4,1.167,1,1.167,0.0
29,5,1.122,1,1.122,0.0
29,6,1.337,1,1.337,0.0
29,7,1.461,1,1.461,0.0
29,8,1.474,1,1.474,0.0
29,9,1.478,1,1.478,0.0
29,10,1.465,1,1.465,0.0
29,11,1.676,1,1.676,0.0
29,12,1.734,1,1.734,0.0
29,13,1.948,1,1.948,0.0
29,14,1.924,1,1.924,0.0
29,15,1.903,1,1.903,0.0
29,16,1.648,1,1.648,0.0
29,17,1.463,1,1.463,0.0
29,18,1.393,1,1.393,0.0
29,19,1.45,1,1.45,0.0
29,20,1.397,1,1.397,0.0
29,21,1.65,1,1.65,0.0
29,22,1.623,1,1.623,0.0
29,23,1.394,1,1.394,0.0
30,0,1.222,1,1.222,0.0
30,1,1.05,1,1.05,0.0
30,2,1.097,1,1.097,0.0
30,3,1.121,1,1.121,0.0
30,4,1.069,1,1.069,0.0
30,5,1.089,1,1.089,0.0
30,6,1.179,1,1.179,0.0
30,7,1.218,1,1.218,0.0
30,8,1.366,1,1.366,0.0
30,9,1.352,1,1.352,0.0
30,10,1.549,1,1.549,0.0
30,11,1.556,1,1.556,0.0
30,12,1.62,1,1.62,0.0
30,13,1.524,1,1.524,0.0
30,14,1.498,1,1.498,0.0
30,15,1.44,1,1.44,0.0
30,16,1.338,1,1.338,0.0
30,17,1.284,1,1.284,0.0
30,18,1.272,1,1.272,0.0
30,19,1.28,1,1.28,0.0
30,20,1.124,1,1.124,0.0
30,21,1.115,1,1.115,0.0
30,22,1.19,1,1.19,0.0
30,23,1.118,1,1.118,0.0
31,0,1.435,1,1.435,0.0
31,1,1.435,1,1.435,0.0
31,2,2.007,2,2.007,0.0
31,3,2.124,2,2.124,0.0
31,4,1.41,1,1.41,0.0
31,5,1.289,1,1.289,0.0
31,6,1.363,1,1.363,0.0
31,7,1.678,1,1.678,0.0
31,8,2.006,2,2.006,0.0
31,9,1.833,1,1.833,0.0
31,10,1.906,1,1.906,0.0
31,11,2.022,2,2.022,0.0
31,12,2.077,2,2.077,0.0
31,13,2.285,2,2.285,0.0
31,14,2.345,2,2.345,0.0
31,15,2.253,2,2.253,0.0
31,16,2.186,2,2.186,0.0
31,17,2.258,2,2.258,0.0
31,18,2.028,2,2.028,0.0
31,19,1.705,1,1.705,0.0
31,20,1.731,1,1.731,0.0
31,21,1.592,1,1.592,0.0
31,22,1.873,1,1.873,0.0
31,23,1.749,1,1.749,0.0
32,0,19.838,10,19.838,0.0
32,1,8.993,5,8.993,0.0
32,2,5.11,3,5.11,0.0
32,3,5.432,3,5.432,0.0
32,4,8.978,5,8.978,0.0
32,5,19.941,10,19.941,0.0
32,6,44.909,23,44.909,0.0
32,7,108.793,55,108.793,0.0
32,8,161.777,81,161.777,0.0
32,9,154.918,78,154.918,0.0
32,10,144.651,73,144.651,0.0
32,11,165.508,83,165.508,0.0
32,12,175.018,88,175.018,0.0
32,13,179.053,90,179.053,0.0
32,14,188.404,95,188.404,0.0
32,15,217.15,109,217.15,0.0
32,16,259.139,130,259.139,0.0
32,17,269.466,135,269.466,0.0
32,18,235.11,118,235.11,0.0
32,19,167.324,84,167.324,0.0
32,20,110.826,56,110.826,0.0
32,21,88.697,45,88.697,0.0
32,22,69.629,35,69.629,0.0
32,23,39.02,20,39.02,0.0
33,0,4.502,3,4.502,0.0
33,1,2.692,2,2.692,0.0
33,2,2.024,2,2.024,0.0
33,3,2.042,2,2.042,0.0
33,4,3.101,2,3.101,0.0
33,5,5.396,3,5.396,0.0
33,6,11.651,6,11.651,0.0
33,7,19.115,10,19.115,0.0
33,8,26.36,14,26.36,0.0
33,9,29.371,15,29.371,0.0
33,10,32.885,17,32.885,0.0
33,11,41.878,21,41.878,0.0
33,12,49.649,25,49.649,0.0
33,13,51.3,26,51.3,0.0
33,14,55.293,28,55.293,0.0
33,15,58.186,30,58.186,0.0
33,16,58.764,30,58.764,0.0
33,17,55.205,28,55.205,0.0
33,18,45.962,23,45.962,0.0
33,19,29.239,15,29.239,0.0
33,20,17.954,9,17.954,0.0
33,21,12.921,7,12.921,0.0
33,22,10.517,6,10.517,0.0
33,23,8.279,5,8.279,0.0
34,0,1.582,1,1.582,0.0
34,1,1.477,1,1.477,0.0
34,2,1.247,1,1.247,0.0
34,3,1.553,1,1.553,0.0
34,4,1.463,1,1.463,0.0
34,5,1.726,1,1.726,0.0
34,6,1.666,1,1.666,0.0
34,7,1.877,1,1.877,0.0
34,8,2.124,2,2.124,0.0
34,9,2.58,2,2.58,0.0
34,10,3.02,2,3.02,0.0
34,11,3.357,2,3.357,0.0
34,12,3.289,2,3.289,0.0
34,13,3.053,2,3.053,0.0
34,14,3.036,2,3.036,0.0
34,15,2.827,2,2.827,0.0
34,16,2.823,2,2.823,0.0
34,17,2.735,2,2.735,0.0
34,18,2.691,2,2.691,0.0
34,19,2.424,2,2.424,0.0
34,20,2.481,2,2.481,0.0
34,21,2.901,2,2.901,0.0
34,22,2.513,2,2.513,0.0
34,23,1.982,1,1.982,0.0
35,0,1.467,1,1.467,0.0
35,1,1.262,1,1.262,0.0
35,2,1.152,1,1.152,0.0
35,3,1.256,1,1.256,0.0
35,4,1.373,1,1.373,0.0
35,5,1.59,1,1.59,0.0
35,6,2.276,2,2.276,0.0
35,7,3.527,2,3.527,0.0
35,8,6.816,4,6.816,0.0
35,9,8.36,5,8.36,0.0
35,10,9.987,5,9.987,0.0
35,11,11.289,6,11.289,0.0
35,12,11.726,6,11.726,0.0
35,13,10.852,6,10.852,0.0
35,14,10.954,6,10.954,0.0
35,15,9.4,5,9.4,0.0
35,16,7.94,4,7.94,0.0
35,17,6.358,4,6.358,0.0
35,18,5.682,3,5.682,0.0
35,19,4.324,3,4.324,0.0
35,20,3.398,2,3.398,0.0
35,21,2.789,2,2.789,0.0
35,22,3.358,2,3.358,0.0
35,23,2.154,2,2.154,0.0
36,0,1.146,1,1.146,0.0
36,1,1.125,1,1.125,0.0
36,2,1.094,1,1.094,0.0
36,3,1.0,1,1.0,0.0
36,4,1.091,1,1.091,0.0
36,5,1.417,1,1.417,0.0
36,6,1.576,1,1.576,0.0
36,7,1.925,1,1.925,0.0
36,8,2.604,2,2.604,0.0
36,9,3.458,2,3.458,0.0
36,10,4.589,3,4.589,0.0
36,11,4.336,3,4.336,0.0
36,12,4.047,3,4.047,0.0
36,13,3.238,2,3.238,0.0
36,14,3.097,2,3.097,0.0
36,15,3.176,2,3.176,0.0
36,16,2.643,2,2.643,0.0
36,17,2.428,2,2.428,0.0
36,18,2.295,2,2.295,0.0
36,19,1.87,1,1.87,0.0
36,20,1.612,1,1.612,0.0
36,21,1.415,1,1.415,0.0
36,22,1.48,1,1.48,0.0
36,23,1.327,1,1.327,0.0
37,0,1.297,1,1.297,0.0
37,1,1.176,1,1.176,0.0
37,2,1.129,1,1.129,0.0
37,3,1.571,1,1.571,0.0
37,4,1.458,1,1.458,0.0
37,5,1.317,1,1.317,0.0
37,6,1.221,1,1.221,0.0
37,7,1.476,1,1.476,0.0
37,8,1.738,1,1.738,0.0
37,9,1.942,1,1.942,0.0
37,10,2.223,2,2.223,0.0
37,11,2.49,2,2.49,0.0
37,12,2.441,2,2.441,0.0
37,13,2.699,2,2.699,0.0
37,14,2.694,2,2.694,0.0
37,15,2.139,2,2.139,0.0
37,16,1.742,1,1.742,0.0
37,17,1.731,1,1.731,0.0
37,18,1.754,1,1.754,0.0
37,19,1.654,1,1.654,0.0
37,20,1.738,1,1.738,0.0
37,21,1.616,1,1.616,0.0
37,22,1.818,1,1.818,0.0
37,23,1.78,1,1.78,0.0
38,0,1.373,1,1.373,0.0
38,1,1.163,1,1.163,0.0
38,2,1.074,1,1.074,0.0
38,3,1.346,1,1.346,0.0
38,4,1.259,1,1.259,0.0
38,5,1.633,1,1.633,0.0
38,6,2.17,2,2.17,0.0
38,7,3.931,2,3.931,0.0
38,8,7.385,4,7.385,0.0
38,9,8.247,5,8.247,0.0
38,10,9.978,5,9.978,0.0
38,11,10.077,6,10.077,0.0
38,12,9.504,5,9.504,0.0
38,13,9.371,5,9.371,0.0
38,14,8.923,5,8.923,0.0
38,15,7.678,4,7.678,0.0
38,16,7.035,4,7.035,0.0
38,17,6.059,4,6.059,0.0
38,18,4.712,3,4.712,0.0
38,19,3.976,2,3.976,0.0
38,20,2.844,2,2.844,0.0
38,21,2.566,2,2.566,0.0
38,22,2.094,2,2.094,0.0
38,23,1.824,1,1.824,0.0
39,0,1.35,1,1.35,0.0
39,1,1.149,1,1.149,0.0
39,2,1.053,1,1.053,0.0
39,3,1.096,1,1.096,0.0
39,4,1.377,1,1.377,0.0
39,5,1.412,1,1.412,0.0
39,6,2.428,2,2.428,0.0
39,7,3.563,2,3.563,0.0
39,8,5.384,3,5.384,0.0
39,9,6.989,4,6.989,0.0
39,10,7.735,4,7.735,0.0
39,11,8.282,5,8.282,0.0
39,12,7.956,4,7.956,0.0
39,13,7.346,4,7.346,0.0
39,14,7.048,4,7.048,0.0
39,15,6.098,4,6.098,0.0
39,16,5.705,3,5.705,0.0
39,17,4.893,3,4.893,0.0
39,18,4.167,3,4.167,0.0
39,19,3.307,2,3.307,0.0
39,20,2.453,2,2.453,0.0
39,21,2.031,2,2.031,0.0
39,22,1.791,1,1.791,0.0
39,23,1.735,1,1.735,0.0
40,0,1.122,1,1.122,0.0
40,1,1.032,1,1.032,0.0
40,2,1.0,1,1.0,0.0
40,3,1.118,1,1.118,0.0
40,4,1.029,1,1.029,0.0
40,5,1.15,1,1.15,0.0
40,6,1.365,1,1.365,0.0
40,7,1.868,1,1.868,0.0
40,8,2.393,2,2.393,0.0
40,9,2.356,2,2.356,0.0
40,10,2.51,2,2.51,0.0
40,11,2.391,2,2.391,0.0
40,12,2.393,2,2.393,0.0
40,13,2.379,2,2.379,0.0
40,14,2.355,2,2.355,0.0
40,15,2.302,2,2.302,0.0
40,16,2.028,2,2.028,0.0
40,17,1.804,1,1.804,0.0
40,18,1.799,1,1.799,0.0
40,19,1.619,1,1.619,0.0
40,20,1.631,1,1.631,0.0
40,21,1.435,1,1.435,0.0
40,22,1.336,1,1.336,0.0
40,23,1.273,1,1.273,0.0
41,0,1.433,1,1.433,0.0
41,1,1.183,1,1.183,0.0
41,2,1.2,1,1.2,0.0
41,3,1.172,1,1.172,0.0
41,4,1.267,1,1.267,0.0
41,5,1.511,1,1.511,0.0
41,6,2.521,2,2.521,0.0
41,7,4.016,3,4.016,0.0
41,8,7.323,4,7.323,0.0
41,9,8.484,5,8.484,0.0
41,10,9.0,5,9.0,0.0
41,11,10.58,6,10.58,0.0
41,12,12.426,7,12.426,0.0
41,13,14.128,8,14.128,0.0
41,14,16.093,9,16.093,0.0
41,15,17.388,9,17.388,0.0
41,16,16.925,9,16.925,0.0
41,17,11.861,6,11.861,0.0
41,18,7.284,4,7.284,0.0
41,19,4.472,3,4.472,0.0
41,20,3.184,2,3.184,0.0
41,21,2.982,2,2.982,0.0
41,22,2.251,2,2.251,0.0
41,23,1.837,1,1.837,0.0
42,0,1.133,1,1.133,0.0
42,1,1.11,1,1.11,0.0
42,2,1.075,1,1.075,0.0
42,3,1.063,1,1.063,0.0
42,4,1.097,1,1.097,0.0
42,5,1.211,1,1.211,0.0
42,6,1.696,1,1.696,0.0
42,7,2.44,2,2.44,0.0
42,8,3.103,2,3.103,0.0
42,9,3.873,2,3.873,0.0
42,10,4.627,3,4.627,0.0
42,11,5.006,3,5.006,0.0
42,12,4.522,3,4.522,0.0
42,13,4.353,3,4.353,0.0
42,14,4.665,3,4.665,0.0
42,15,4.024,3,4.024,0.0
42,16,3.498,2,3.498,0.0
42,17,3.111,2,3.111,0.0
42,18,2.746,2,2.746,0.0
42,19,2.235,2,2.235,0.0
42,20,1.903,1,1.903,0.0
42,21,1.702,1,1.702,0.0
42,22,1.47,1,1.47,0.0
42,23,1.345,1,1.345,0.0
43,0,1.346,1,1.346,0.0
43,1,1.213,1,1.213,0.0
43,2,1.357,1,1.357,0.0
43,3,1.338,1,1.338,0.0
43,4,1.955,1,1.955,0.0
43,5,2.38,2,2.38,0.0
43,6,4.426,3,4.426,0.0
43,7,6.226,4,6.226,0.0
43,8,6.068,4,6.068,0.0
43,9,7.555,4,7.555,0.0
43,10,8.653,5,8.653,0.0
43,11,8.172,5,8.172,0.0
43,12,8.45,5,8.45,0.0
43,13,9.073,5,9.073,0.0
43,14,7.886,4,7.886,0.0
43,15,7.413,4,7.413,0.0
43,16,6.596,4,6.596,0.0
43,17,5.739,3,5.739,0.0
43,18,4.946,3,4.946,0.0
43,19,3.876,2,3.876,0.0
43,20,2.988,2,2.988,0.0
43,21,2.88,2,2.88,0.0
43,22,2.046,2,2.046,0.0
43,23,1.55,1,1.55,0.0
44,0,1.552,1,1.552,0.0
44,1,1.396,1,1.396,0.0
44,2,1.435,1,1.435,0.0
44,3,1.297,1,1.297,0.0
44,4,2.277,2,2.277,0.0
44,5,2.197,2,2.197,0.0
44,6,4.433,3,4.433,0.0
44,7,4.362,3,4.362,0.0
44,8,5.084,3,5.084,0.0
44,9,6.204,4,6.204,0.0
44,10,7.532,4,7.532,0.0
44,11,8.525,5,8.525,0.0
44,12,8.193,5,8.193,0.0
44,13,7.256,4,7.256,0.0
44,14,7.22,4,7.22,0.0
44,15,6.287,4,6.287,0.0
44,16,5.679,3,5.679,0.0
44,17,4.974,3,4.974,0.0
44,18,4.836,3,4.836,0.0
44,19,4.356,3,4.356,0.0
44,20,3.496,2,3.496,0.0
44,21,3.159,2,3.159,0.0
44,22,2.797,2,2.797,0.0
44,23,2.194,2,2.194,0.0
45,0,1.026,1,1.026,0.0
45,1,1.038,1,1.038,0.0
45,2,1.05,1,1.05,0.0
45,3,1.0,1,1.0,0.0
45,4,1.176,1,1.176,0.0
45,5,1.08,1,1.08,0.0
45,6,1.176,1,1.176,0.0
45,7,1.527,1,1.527,0.0
45,8,1.708,1,1.708,0.0
45,9,1.823,1,1.823,0.0
45,10,1.838,1,1.838,0.0
45,11,1.844,1,1.844,0.0
45,12,1.734,1,1.734,0.0
45,13,1.814,1,1.814,0.0
45,14,1.734,1,1.734,0.0
45,15,1.903,1,1.903,0.0
45,16,1.526,1,1.526,0.0
45,17,1.775,1,1.775,0.0
45,18,1.537,1,1.537,0.0
45,19,1.36,1,1.36,0.0
45,20,1.262,1,1.262,0.0
45,21,1.225,1,1.225,0.0
45,22,1.192,1,1.192,0.0
45,23,1.122,1,1.122,0.0
46,0,1.095,1,1.095,0.0
46,1,1.108,1,1.108,0.0
46,2,1.0,1,1.0,0.0
46,3,1.023,1,1.023,0.0
46,4,1.242,1,1.242,0.0
46,5,1.368,1,1.368,0.0
46,6,2.086,2,2.086,0.0
46,7,2.042,2,2.042,0.0
46,8,2.589,2,2.589,0.0
46,9,3.063,2,3.063,0.0
46,10,3.233,2,3.233,0.0
46,11,3.209,2,3.209,0.0
46,12,3.443,2,3.443,0.0
46,13,3.389,2,3.389,0.0
46,14,2.943,2,2.943,0.0
46,15,2.948,2,2.948,0.0
46,16,2.695,2,2.695,0.0
46,17,2.311,2,2.311,0.0
46,18,2.106,2,2.106,0.0
46,19,1.971,1,1.971,0.0
46,20,1.835,1,1.835,0.0
46,21,1.559,1,1.559,0.0
46,22,1.378,1,1.378,0.0
46,23,1.185,1,1.185,0.0
47,0,1.0,1,1.0,0.0
47,1,1.0,1,1.0,0.0
47,2,1.0,1,1.0,0.0
47,3,1.25,1,1.25,0.0
47,4,1.0,1,1.0,0.0
47,5,1.039,1,1.039,0.0
47,6,1.097,1,1.097,0.0
47,7,1.2,1,1.2,0.0
47,8,1.211,1,1.211,0.0
47,9,1.316,1,1.316,0.0
47,10,1.433,1,1.433,0.0
47,11,1.453,1,1.453,0.0
47,12,1.382,1,1.382,0.0
47,13,1.173,1,1.173,0.0
47,14,1.426,1,1.426,0.0
47,15,1.547,1,1.547,0.0
47,16,1.269,1,1.269,0.0
47,17,1.296,1,1.296,0.0
47,18,1.092,1,1.092,0.0
47,19,1.14,1,1.14,0.0
47,20,1.077,1,1.077,0.0
47,21,1.053,1,1.053,0.0
47,22,1.077,1,1.077,0.0
47,23,1.0,1,1.0,0.0
48,0,1.077,1,1.077,0.0
48,1,1.051,1,1.051,0.0
48,2,1.0,1,1.0,0.0
48,3,1.017,1,1.017,0.0
48,4,1.145,1,1.145,0.0
48,5,1.224,1,1.224,0.0
48,6,1.568,1,1.568,0.0
48,7,1.796,1,1.796,0.0
48,8,2.295,2,2.295,0.0
48,9,2.437,2,2.437,0.0
48,10,2.226,2,2.226,0.0
48,11,2.197,2,2.197,0.0
48,12,2.167,2,2.167,0.0
48,13,2.137,2,2.137,0.0
48,14,2.459,2,2.459,0.0
48,15,2.056,2,2.056,0.0
48,16,1.749,1,1.749,0.0
48,17,1.895,1,1.895,0.0
48,18,1.678,1,1.678,0.0
48,19,1.487,1,1.487,0.0
48,20,1.343,1,1.343,0.0
48,21,1.259,1,1.259,0.0
48,22,1.185,1,1.185,0.0
48,23,1.061,1,1.061,0.0
49,0,1.284,1,1.284,0.0
49,1,1.211,1,1.211,0.0
49,2,1.157,1,1.157,0.0
49,3,1.16,1,1.16,0.0
49,4,1.207,1,1.207,0.0
49,5,2.317,2,2.317,0.0
49,6,2.945,2,2.945,0.0
49,7,3.01,2,3.01,0.0
49,8,4.071,3,4.071,0.0
49,9,3.624,2,3.624,0.0
49,10,4.009,3,4.009,0.0
49,11,4.154,3,4.154,0.0
49,12,3.974,2,3.974,0.0
49,13,3.744,2,3.744,0.0
49,14,3.998,2,3.998,0.0
49,15,3.012,2,3.012,0.0
49,16,2.92,2,2.92,0.0
49,17,2.782,2,2.782,0.0
49,18,3.022,2,3.022,0.0
49,19,2.205,2,2.205,0.0
49,20,1.919,1,1.919,0.0
49,21,2.007,2,2.007,0.0
49,22,1.767,1,1.767,0.0
49,23,1.555,1,1.555,0.0
50,0,1.144,1,1.144,0.0
50,1,1.07,1,1.07,0.0
50,2,1.067,1,1.067,0.0
50,3,1.088,1,1.088,0.0
50,4,1.056,1,1.056,0.0
50,5,1.173,1,1.173,0.0
50,6,1.322,1,1.322,0.0
50,7,1.403,1,1.403,0.0
50,8,1.714,1,1.714,0.0
50,9,2.023,2,2.023,0.0
50,10,2.464,2,2.464,0.0
50,11,2.61,2,2.61,0.0
50,12,2.823,2,2.823,0.0
50,13,2.669,2,2.669,0.0
50,14,2.387,2,2.387,0.0
50,15,2.238,2,2.238,0.0
50,16,2.131,2,2.131,0.0
50,17,2.071,2,2.071,0.0
50,18,1.979,1,1.979,0.0
50,19,1.911,1,1.911,0.0
50,20,1.772,1,1.772,0.0
50,21,1.62,1,1.62,0.0
50,22,1.656,1,1.656,0.0
50,23,1.317,1,1.317,0.0
51,0,1.185,1,1.185,0.0
51,1,1.083,1,1.083,0.0
51,2,1.053,1,1.053,0.0
51,3,1.012,1,1.012,0.0
51,4,1.275,1,1.275,0.0
51,5,1.373,1,1.373,0.0
51,6,1.474,1,1.474,0.0
51,7,1.777,1,1.777,0.0
51,8,2.058,2,2.058,0.0
51,9,2.018,2,2.018,0.0
51,10,2.175,2,2.175,0.0
51,11,2.691,2,2.691,0.0
51,12,2.612,2,2.612,0.0
51,13,2.551,2,2.551,0.0
51,14,2.636,2,2.636,0.0
51,15,2.132,2,2.132,0.0
51,16,2.091,2,2.091,0.0
51,17,2.016,2,2.016,0.0
51,18,1.956,1,1.956,0.0
51,19,1.656,1,1.656,0.0
51,20,1.462,1,1.462,0.0
51,21,1.472,1,1.472,0.0
51,22,1.343,1,1.343,0.0
51,23,1.314,1,1.314,0.0
52,0,1.043,1,1.043,0.0
52,1,1.029,1,1.029,0.0
52,2,1.087,1,1.087,0.0
52,3,1.065,1,1.065,0.0
52,4,1.022,1,1.022,0.0
52,5,1.109,1,1.109,0.0
52,6,1.095,1,1.095,0.0
52,7,1.16,1,1.16,0.0
52,8,1.233,1,1.233,0.0
52,9,1.357,1,1.357,0.0
52,10,1.452,1,1.452,0.0
52,11,1.463,1,1.463,0.0
52,12,1.458,1,1.458,0.0
52,13,1.537,1,1.537,0.0
52,14,1.584,1,1.584,0.0
52,15,1.702,1,1.702,0.0
52,16,1.467,1,1.467,0.0
52,17,1.551,1,1.551,0.0
52,18,1.498,1,1.498,0.0
52,19,1.382,1,1.382,0.0
52,20,1.287,1,1.287,0.0
52,21,1.257,1,1.257,0.0
52,22,1.197,1,1.197,0.0
52,23,1.173,1,1.173,0.0
53,0,1.408,1,1.408,0.0
53,1,1.163,1,1.163,0.0
53,2,1.048,1,1.048,0.0
53,3,1.256,1,1.256,0.0
53,4,1.805,1,1.805,0.0
53,5,2.232,2,2.232,0.0
53,6,2.069,2,2.069,0.0
53,7,2.825,2,2.825,0.0
53,8,2.853,2,2.853,0.0
53,9,3.696,2,3.696,0.0
53,10,4.615,3,4.615,0.0
53,11,4.827,3,4.827,0.0
53,12,4.646,3,4.646,0.0
53,13,4.2,3,4.2,0.0
53,14,3.798,2,3.798,0.0
53,15,3.725,2,3.725,0.0
53,16,3.391,2,3.391,0.0
53,17,2.962,2,2.962,0.0
53,18,2.84,2,2.84,0.0
53,19,2.533,2,2.533,0.0
53,20,2.247,2,2.247,0.0
53,21,2.156,2,2.156,0.0
53,22,2.081,2,2.081,0.0
53,23,1.933,1,1.933,0.0
54,0,1.108,1,1.108,0.0
54,1,1.0,1,1.0,0.0
54,2,1.0,1,1.0,0.0
54,3,1.0,1,1.0,0.0
54,4,1.128,1,1.128,0.0
54,5,1.175,1,1.175,0.0
54,6,1.527,1,1.527,0.0
54,7,1.645,1,1.645,0.0
54,8,1.484,1,1.484,0.0
54,9,1.832,1,1.832,0.0
54,10,2.02,2,2.02,0.0
54,11,2.075,2,2.075,0.0
54,12,2.05,2,2.05,0.0
54,13,1.976,1,1.976,0.0
54,14,1.87,1,1.87,0.0
54,15,1.71,1,1.71,0.0
54,16,1.523,1,1.523,0.0
54,17,1.473,1,1.473,0.0
54,18,1.395,1,1.395,0.0
54,19,1.269,1,1.269,0.0
54,20,1.33,1,1.33,0.0
54,21,1.399,1,1.399,0.0
54,22,1.371,1,1.371,0.0
54,23,1.181,1,1.181,0.0
55,0,1.05,1,1.05,0.0
55,1,1.0,1,1.0,0.0
55,2,1.0,1,1.0,0.0
55,3,1.0,1,1.0,0.0
55,4,1.0,1,1.0,0.0
55,5,1.029,1,1.029,0.0
55,6,1.371,1,1.371,0.0
55,7,1.333,1,1.333,0.0
55,8,1.445,1,1.445,0.0
55,9,1.441,1,1.441,0.0
55,10,1.512,1,1.512,0.0
55,11,1.646,1,1.646,0.0
55,12,1.648,1,1.648,0.0
55,13,1.633,1,1.633,0.0
55,14,1.554,1,1.554,0.0
55,15,1.481,1,1.481,0.0
55,16,1.407,1,1.407,0.0
55,17,1.449,1,1.449,0.0
55,18,1.507,1,1.507,0.0
55,19,1.48,1,1.48,0.0
55,20,1.276,1,1.276,0.0
55,21,1.199,1,1.199,0.0
55,22,1.174,1,1.174,0.0
55,23,1.036,1,1.036,0.0
56,0,17.465,9,17.465,0.0
56,1,11.492,6,11.492,0.0
56,2,6.372,4,6.372,0.0
56,3,3.509,2,3.509,0.0
56,4,2.227,2,2.227,0.0
56,5,2.783,2,2.783,0.0
56,6,4.386,3,4.386,0.0
56,7,11.839,6,11.839,0.0
56,8,21.367,11,21.367,0.0
56,9,28.909,15,28.909,0.0
56,10,29.998,15,29.998,0.0
56,11,28.276,15,28.276,0.0
56,12,33.095,17,33.095,0.0
56,13,36.026,19,36.026,0.0
56,14,35.7,18,35.7,0.0
56,15,35.57,18,35.57,0.0
56,16,34.673,18,34.673,0.0
56,17,37.305,19,37.305,0.0
56,18,37.6,19,37.6,0.0
56,19,35.98,18,35.98,0.0
56,20,36.192,19,36.192,0.0
56,21,33.583,17,33.583,0.0
56,22,32.45,17,32.45,0.0
56,23,25.744,13,25.744,0.0
57,0,1.031,1,1.031,0.0
57,1,1.062,1,1.062,0.0
57,2,1.0,1,1.0,0.0
57,3,1.0,1,1.0,0.0
57,4,1.0,1,1.0,0.0
57,5,1.0,1,1.0,0.0
57,6,1.095,1,1.095,0.0
57,7,1.089,1,1.089,0.0
57,8,1.222,1,1.222,0.0
57,9,1.164,1,1.164,0.0
57,10,1.227,1,1.227,0.0
57,11,1.307,1,1.307,0.0
57,12,1.264,1,1.264,0.0
57,13,1.295,1,1.295,0.0
57,14,1.221,1,1.221,0.0
57,15,1.181,1,1.181,0.0
57,16,1.184,1,1.184,0.0
57,17,1.148,1,1.148,0.0
57,18,1.131,1,1.131,0.0
57,19,1.148,1,1.148,0.0
57,20,1.226,1,1.226,0.0
57,21,1.228,1,1.228,0.0
57,22,1.229,1,1.229,0.0
57,23,1.091,1,1.091,0.0
58,0,1.0,1,1.0,0.0
58,1,1.095,1,1.095,0.0
58,2,1.067,1,1.067,0.0
58,3,1.05,1,1.05,0.0
58,4,1.02,1,1.02,0.0
58,5,1.061,1,1.061,0.0
58,6,1.171,1,1.171,0.0
58,7,1.146,1,1.146,0.0
58,8,1.776,1,1.776,0.0
58,9,1.47,1,1.47,0.0
58,10,1.542,1,1.542,0.0
58,11,1.674,1,1.674,0.0
58,12,1.379,1,1.379,0.0
58,13,1.52,1,1.52,0.0
58,14,1.378,1,1.378,0.0
58,15,1.242,1,1.242,0.0
58,16,1.277,1,1.277,0.0
58,17,1.18,1,1.18,0.0
58,18,1.127,1,1.127,0.0
58,19,1.081,1,1.081,0.0
58,20,1.056,1,1.056,0.0
58,21,1.134,1,1.134,0.0
58,22,1.107,1,1.107,0.0
58,23,1.17,1,1.17,0.0
59,0,1.067,1,1.067,0.0
59,1,1.0,1,1.0,0.0
59,2,1.182,1,1.182,0.0
59,3,1.0,1,1.0,0.0
59,4,1.0,1,1.0,0.0
59,5,1.059,1,1.059,0.0
59,6,1.169,1,1.169,0.0
59,7,1.307,1,1.307,0.0
59,8,5.689,3,5.689,0.0
59,9,8.231,5,8.231,0.0
59,10,7.152,4,7.152,0.0
59,11,7.376,4,7.376,0.0
59,12,3.019,2,3.019,0.0
59,13,6.601,4,6.601,0.0
59,14,4.284,3,4.284,0.0
59,15,1.834,1,1.834,0.0
59,16,1.34,1,1.34,0.0
59,17,1.335,1,1.335,0.0
59,18,1.301,1,1.301,0.0
59,19,1.3,1,1.3,0.0
59,20,1.261,1,1.261,0.0
59,21,1.177,1,1.177,0.0
59,22,1.157,1,1.157,0.0
59,23,1.115,1,1.115,0.0
60,0,1.217,1,1.217,0.0
60,1,1.304,1,1.304,0.0
60,2,1.238,1,1.238,0.0
60,3,1.073,1,1.073,0.0
60,4,1.062,1,1.062,0.0
60,5,1.135,1,1.135,0.0
60,6,1.183,1,1.183,0.0
60,7,1.237,1,1.237,0.0
60,8,1.384,1,1.384,0.0
60,9,1.498,1,1.498,0.0
60,10,1.584,1,1.584,0.0
60,11,1.627,1,1.627,0.0
60,12,1.687,1,1.687,0.0
60,13,1.645,1,1.645,0.0
60,14,1.812,1,1.812,0.0
60,15,1.653,1,1.653,0.0
60,16,1.739,1,1.739,0.0
60,17,1.538,1,1.538,0.0
60,18,1.472,1,1.472,0.0
60,19,1.353,1,1.353,0.0
60,20,1.289,1,1.289,0.0
60,21,1.214,1,1.214,0.0
60,22,1.426,1,1.426,0.0
60,23,1.409,1,1.409,0.0
61,0,1.053,1,1.053,0.0
61,1,1.053,1,1.053,0.0
61,2,1.0,1,1.0,0.0
61,3,1.059,1,1.059,0.0
61,4,1.048,1,1.048,0.0
61,5,1.048,1,1.048,0.0
61,6,1.113,1,1.113,0.0
61,7,1.154,1,1.154,0.0
61,8,1.486,1,1.486,0.0
61,9,1.654,1,1.654,0.0
61,10,1.939,1,1.939,0.0
61,11,1.97,1,1.97,0.0
61,12,2.12,2,2.12,0.0
61,13,2.143,2,2.143,0.0
61,14,2.046,2,2.046,0.0
61,15,1.93,1,1.93,0.0
61,16,1.784,1,1.784,0.0
61,17,1.653,1,1.653,0.0
61,18,1.528,1,1.528,0.0
61,19,1.508,1,1.508,0.0
61,20,1.298,1,1.298,0.0
61,21,1.204,1,1.204,0.0
61,22,1.07,1,1.07,0.0
61,23,1.149,1,1.149,0.0
62,0,1.099,1,1.099,0.0
62,1,1.029,1,1.029,0.0
62,2,1.0,1,1.0,0.0
62,3,1.0,1,1.0,0.0
62,4,1.018,1,1.018,0.0
62,5,1.022,1,1.022,0.0
62,6,1.0,1,1.0,0.0
62,7,1.088,1,1.088,0.0
62,8,1.081,1,1.081,0.0
62,9,1.161,1,1.161,0.0
62,10,1.176,1,1.176,0.0
62,11,1.276,1,1.276,0.0
62,12,1.245,1,1.245,0.0
62,13,1.261,1,1.261,0.0
62,14,1.154,1,1.154,0.0
62,15,1.145,1,1.145,0.0
62,16,1.181,1,1.181,0.0
62,17,1.164,1,1.164,0.0
62,18,1.149,1,1.149,0.0
62,19,1.171,1,1.171,0.0
62,20,1.168,1,1.168,0.0
62,21,1.22,1,1.22,0.0
62,22,1.146,1,1.146,0.0
62,23,1.101,1,1.101,0.0
63,0,1.059,1,1.059,0.0
63,1,1.143,1,1.143,0.0
63,2,1.125,1,1.125,0.0
63,3,1.0,1,1.0,0.0
63,4,1.0,1,1.0,0.0
63,5,1.0,1,1.0,0.0
63,6,1.118,1,1.118,0.0
63,7,1.049,1,1.049,0.0
63,8,1.033,1,1.033,0.0
63,9,1.124,1,1.124,0.0
63,10,1.15,1,1.15,0.0
63,11,1.151,1,1.151,0.0
63,12,1.113,1,1.113,0.0
63,13,1.175,1,1.175,0.0
63,14,1.154,1,1.154,0.0
63,15,1.146,1,1.146,0.0
63,16,1.118,1,1.118,0.0
63,17,1.129,1,1.129,0.0
63,18,1.084,1,1.084,0.0
63,19,1.12,1,1.12,0.0
63,20,1.0,1,1.0,0.0
63,21,1.077,1,1.077,0.0
63,22,1.095,1,1.095,0.0
63,23,1.0,1,1.0,0.0
64,0,1.147,1,1.147,0.0
64,1,1.136,1,1.136,0.0
64,2,1.077,1,1.077,0.0
64,3,1.0,1,1.0,0.0
64,4,1.029,1,1.029,0.0
64,5,1.0,1,1.0,0.0
64,6,1.077,1,1.077,0.0
64,7,1.124,1,1.124,0.0
64,8,1.267,1,1.267,0.0
64,9,1.214,1,1.214,0.0
64,10,1.289,1,1.289,0.0
64,11,1.277,1,1.277,0.0
64,12,1.202,1,1.202,0.0
64,13,1.201,1,1.201,0.0
64,14,1.203,1,1.203,0.0
64,15,1.172,1,1.172,0.0
64,16,1.117,1,1.117,0.0
64,17,1.184,1,1.184,0.0
64,18,1.11,1,1.11,0.0
64,19,1.141,1,1.141,0.0
64,20,1.138,1,1.138,0.0
64,21,1.123,1,1.123,0.0
64,22,1.104,1,1.104,0.0
64,23,1.103,1,1.103,0.0
65,0,1.188,1,1.188,0.0
65,1,1.273,1,1.273,0.0
65,2,1.167,1,1.167,0.0
65,3,1.0,1,1.0,0.0
65,4,1.0,1,1.0,0.0
65,5,1.0,1,1.0,0.0
65,6,1.111,1,1.111,0.0
65,7,1.111,1,1.111,0.0
65,8,1.283,1,1.283,0.0
65,9,1.507,1,1.507,0.0
65,10,1.217,1,1.217,0.0
65,11,1.251,1,1.251,0.0
65,12,1.312,1,1.312,0.0
65,13,1.323,1,1.323,0.0
65,14,1.249,1,1.249,0.0
65,15,1.26,1,1.26,0.0
65,16,1.382,1,1.382,0.0
65,17,1.24,1,1.24,0.0
65,18,1.263,1,1.263,0.0
65,19,1.17,1,1.17,0.0
65,20,1.085,1,1.085,0.0
65,21,1.178,1,1.178,0.0
65,22,1.077,1,1.077,0.0
65,23,1.081,1,1.081,0.0
66,0,1.044,1,1.044,0.0
66,1,1.036,1,1.036,0.0
66,2,1.044,1,1.044,0.0
66,3,1.0,1,1.0,0.0
66,4,1.0,1,1.0,0.0
66,5,1.023,1,1.023,0.0
66,6,1.224,1,1.224,0.0
66,7,1.696,1,1.696,0.0
66,8,1.967,1,1.967,0.0
66,9,2.067,2,2.067,0.0
66,10,1.904,1,1.904,0.0
66,11,1.756,1,1.756,0.0
66,12,1.763,1,1.763,0.0
66,13,1.942,1,1.942,0.0
66,14,1.633,1,1.633,0.0
66,15,1.749,1,1.749,0.0
66,16,1.538,1,1.538,0.0
66,17,1.548,1,1.548,0.0
66,18,1.274,1,1.274,0.0
66,19,1.299,1,1.299,0.0
66,20,1.296,1,1.296,0.0
66,21,1.226,1,1.226,0.0
66,22,1.197,1,1.197,0.0
66,23,1.103,1,1.103,0.0
67,0,1.056,1,1.056,0.0
67,1,1.115,1,1.115,0.0
67,2,1.0,1,1.0,0.0
67,3,1.034,1,1.034,0.0
67,4,1.051,1,1.051,0.0
67,5,1.069,1,1.069,0.0
67,6,1.229,1,1.229,0.0
67,7,1.409,1,1.409,0.0
67,8,1.819,1,1.819,0.0
67,9,1.827,1,1.827,0.0
67,10,1.876,1,1.876,0.0
67,11,1.764,1,1.764,0.0
67,12,1.935,1,1.935,0.0
67,13,1.782,1,1.782,0.0
67,14,1.705,1,1.705,0.0
67,15,1.865,1,1.865,0.0
67,16,1.743,1,1.743,0.0
67,17,1.865,1,1.865,0.0
67,18,1.551,1,1.551,0.0
67,19,1.365,1,1.365,0.0
67,20,1.275,1,1.275,0.0
67,21,1.262,1,1.262,0.0
67,22,1.183,1,1.183,0.0
67,23,1.091,1,1.091,0.0
68,0,1.265,1,1.265,0.0
68,1,1.264,1,1.264,0.0
68,2,1.13,1,1.13,0.0
68,3,1.16,1,1.16,0.0
68,4,1.294,1,1.294,0.0
68,5,1.279,1,1.279,0.0
68,6,1.721,1,1.721,0.0
68,7,2.097,2,2.097,0.0
68,8,2.674,2,2.674,0.0
68,9,3.368,2,3.368,0.0
68,10,3.338,2,3.338,0.0
68,11,4.019,3,4.019,0.0
68,12,3.851,2,3.851,0.0
68,13,3.809,2,3.809,0.0
68,14,3.536,2,3.536,0.0
68,15,3.455,2,3.455,0.0
68,16,2.813,2,2.813,0.0
68,17,2.771,2,2.771,0.0
68,18,2.428,2,2.428,0.0
68,19,2.018,2,2.018,0.0
68,20,1.822,1,1.822,0.0
68,21,1.732,1,1.732,0.0
68,22,1.741,1,1.741,0.0
68,23,1.736,1,1.736,0.0
69,0,1.528,1,1.528,0.0
69,1,1.298,1,1.298,0.0
69,2,1.191,1,1.191,0.0
69,3,1.401,1,1.401,0.0
69,4,1.325,1,1.325,0.0
69,5,1.565,1,1.565,0.0
69,6,2.099,2,2.099,0.0
69,7,3.939,2,3.939,0.0
69,8,4.251,3,4.251,0.0
69,9,5.551,3,5.551,0.0
69,10,7.015,4,7.015,0.0
69,11,7.402,4,7.402,0.0
69,12,8.17,5,8.17,0.0
69,13,6.665,4,6.665,0.0
69,14,5.793,3,5.793,0.0
69,15,5.124,3,5.124,0.0
69,16,5.064,3,5.064,0.0
69,17,4.096,3,4.096,0.0
69,18,3.576,2,3.576,0.0
69,19,3.31,2,3.31,0.0
69,20,2.855,2,2.855,0.0
69,21,3.177,2,3.177,0.0
69,22,2.277,2,2.277,0.0
69,23,2.07,2,2.07,0.0
70,0,1.156,1,1.156,0.0
70,1,1.083,1,1.083,0.0
70,2,1.0,1,1.0,0.0
70,3,1.0,1,1.0,0.0
70,4,1.05,1,1.05,0.0
70,5,1.176,1,1.176,0.0
70,6,1.162,1,1.162,0.0
70,7,1.322,1,1.322,0.0
70,8,1.53,1,1.53,0.0
70,9,1.744,1,1.744,0.0
70,10,1.738,1,1.738,0.0
70,11,1.984,1,1.984,0.0
70,12,1.808,1,1.808,0.0
70,13,1.913,1,1.913,0.0
70,14,1.733,1,1.733,0.0
70,15,1.654,1,1.654,0.0
70,16,1.622,1,1.622,0.0
70,17,1.479,1,1.479,0.0
70,18,1.432,1,1.432,0.0
70,19,1.356,1,1.356,0.0
70,20,1.289,1,1.289,0.0
70,21,1.229,1,1.229,0.0
70,22,1.077,1,1.077,0.0
70,23,1.07,1,1.07,0.0
71,0,1.139,1,1.139,0.0
71,1,1.156,1,1.156,0.0
71,2,1.185,1,1.185,0.0
71,3,1.184,1,1.184,0.0
71,4,1.171,1,1.171,0.0
71,5,1.231,1,1.231,0.0
71,6,1.706,1,1.706,0.0
71,7,2.277,2,2.277,0.0
71,8,2.549,2,2.549,0.0
71,9,2.709,2,2.709,0.0
71,10,3.034,2,3.034,0.0
71,11,3.228,2,3.228,0.0
71,12,3.4,2,3.4,0.0
71,13,3.533,2,3.533,0.0
71,14,3.237,2,3.237,0.0
71,15,3.322,2,3.322,0.0
71,16,2.502,2,2.502,0.0
71,17,2.23,2,2.23,0.0
71,18,2.208,2,2.208,0.0
71,19,2.037,2,2.037,0.0
71,20,1.665,1,1.665,0.0
71,21,1.691,1,1.691,0.0
71,22,1.249,1,1.249,0.0
71,23,1.268,1,1.268,0.0
72,0,1.087,1,1.087,0.0
72,1,1.0,1,1.0,0.0
72,2,1.0,1,1.0,0.0
72,3,1.0,1,1.0,0.0
72,4,1.067,1,1.067,0.0
72,5,1.0,1,1.0,0.0
72,6,1.029,1,1.029,0.0
72,7,1.15,1,1.15,0.0
72,8,1.267,1,1.267,0.0
72,9,1.487,1,1.487,0.0
72,10,1.888,1,1.888,0.0
72,11,2.381,2,2.381,0.0
72,12,2.476,2,2.476,0.0
72,13,2.094,2,2.094,0.0
72,14,1.81,1,1.81,0.0
72,15,1.82,1,1.82,0.0
72,16,1.608,1,1.608,0.0
72,17,1.487,1,1.487,0.0
72,18,1.46,1,1.46,0.0
72,19,1.32,1,1.32,0.0
72,20,1.144,1,1.144,0.0
72,21,1.143,1,1.143,0.0
72,22,1.198,1,1.198,0.0
72,23,1.058,1,1.058,0.0
73,0,1.187,1,1.187,0.0
73,1,1.196,1,1.196,0.0
73,2,1.102,1,1.102,0.0
73,3,1.102,1,1.102,0.0
73,4,1.57,1,1.57,0.0
73,5,1.38,1,1.38,0.0
73,6,1.606,1,1.606,0.0
73,7,1.878,1,1.878,0.0
73,8,2.54,2,2.54,0.0
73,9,2.372,2,2.372,0.0
73,10,2.708,2,2.708,0.0
73,11,2.653,2,2.653,0.0
73,12,3.015,2,3.015,0.0
73,13,2.957,2,2.957,0.0
73,14,2.52,2,2.52,0.0
73,15,2.249,2,2.249,0.0
73,16,2.098,2,2.098,0.0
73,17,2.061,2,2.061,0.0
73,18,2.185,2,2.185,0.0
73,19,1.741,1,1.741,0.0
73,20,1.513,1,1.513,0.0
73,21,1.485,1,1.485,0.0
73,22,1.367,1,1.367,0.0
73,23,1.326,1,1.326,0.0
74,0,1.0,1,1.0,0.0
74,1,1.0,1,1.0,0.0
74,2,1.0,1,1.0,0.0
74,3,1.007,1,1.007,0.0
74,4,1.122,1,1.122,0.0
74,5,1.045,1,1.045,0.0
74,6,1.084,1,1.084,0.0
74,7,1.065,1,1.065,0.0
74,8,1.162,1,1.162,0.0
74,9,1.212,1,1.212,0.0
74,10,1.162,1,1.162,0.0
74,11,1.175,1,1.175,0.0
74,12,1.182,1,1.182,0.0
74,13,1.184,1,1.184,0.0
74,14,1.149,1,1.149,0.0
74,15,1.234,1,1.234,0.0
74,16,1.161,1,1.161,0.0
74,17,1.091,1,1.091,0.0
74,18,1.068,1,1.068,0.0
74,19,1.038,1,1.038,0.0
74,20,1.041,1,1.041,0.0
74,21,1.026,1,1.026,0.0
74,22,1.158,1,1.158,0.0
74,23,1.125,1,1.125,0.0
75,0,1.115,1,1.115,0.0
75,1,1.133,1,1.133,0.0
75,2,1.136,1,1.136,0.0
75,3,1.379,1,1.379,0.0
75,4,1.373,1,1.373,0.0
75,5,1.464,1,1.464,0.0
75,6,1.353,1,1.353,0.0
75,7,1.867,1,1.867,0.0
75,8,2.251,2,2.251,0.0
75,9,2.567,2,2.567,0.0
75,10,3.044,2,3.044,0.0
75,11,3.189,2,3.189,0.0
75,12,3.154,2,3.154,0.0
75,13,3.344,2,3.344,0.0
75,14,3.094,2,3.094,0.0
75,15,2.385,2,2.385,0.0
75,16,2.156,2,2.156,0.0
75,17,2.275,2,2.275,0.0
75,18,1.984,1,1.984,0.0
75,19,1.823,1,1.823,0.0
75,20,1.674,1,1.674,0.0
75,21,1.544,1,1.544,0.0
75,22,1.446,1,1.446,0.0
75,23,1.359,1,1.359,0.0
76,0,115.305,58,115.305,0.0
76,1,60.119,31,60.119,0.0
76,2,22.039,12,22.039,0.0
76,3,9.702,5,9.702,0.0
76,4,9.747,5,9.747,0.0
76,5,27.122,14,27.122,0.0
76,6,39.731,20,39.731,0.0
76,7,58.241,30,58.241,0.0
76,8,96.294,49,96.294,0.0
76,9,150.199,76,150.199,0.0
76,10,155.96,78,155.96,0.0
76,11,164.097,83,164.097,0.0
76,12,190.066,96,190.066,0.0
76,13,234.218,118,234.218,0.0
76,14,245.426,123,245.426,0.0
76,15,248.66,125,248.66,0.0
76,16,230.548,116,230.548,0.0
76,17,271.642,136,271.642,0.0
76,18,270.782,136,270.782,0.0
76,19,312.442,157,312.442,0.0
76,20,313.031,157,313.031,0.0
76,21,234.194,118,234.194,0.0
76,22,164.682,83,164.682,0.0
76,23,130.861,66,130.861,0.0
77,0,2.521,2,2.521,0.0
77,1,1.922,1,1.922,0.0
77,2,1.7,1,1.7,0.0
77,3,1.659,1,1.659,0.0
77,4,2.247,2,2.247,0.0
77,5,4.546,3,4.546,0.0
77,6,7.828,4,7.828,0.0
77,7,12.108,7,12.108,0.0
77,8,15.375,8,15.375,0.0
77,9,17.329,9,17.329,0.0
77,10,17.444,9,17.444,0.0
77,11,16.945,9,16.945,0.0
77,12,16.42,9,16.42,0.0
77,13,15.797,8,15.797,0.0
77,14,14.982,8,14.982,0.0
77,15,13.19,7,13.19,0.0
77,16,12.048,7,12.048,0.0
77,17,9.74,5,9.74,0.0
77,18,8.249,5,8.249,0.0
77,19,6.897,4,6.897,0.0
77,20,5.628,3,5.628,0.0
77,21,5.1,3,5.1,0.0
77,22,3.902,2,3.902,0.0
77,23,3.38,2,3.38,0.0
